제목,저자,장르,연도,연도 근거,링크,발행처,비고,통합 통계
오직 두 사람,김영하,소설,2017,발행 연도,http://sejong.nl.go.kr/brd/NttView.do?bbsSe=BBST007&menuId=O230&upperMenuId=O200&selectedIdx=57540,,,중복 제외 (앞 순위 출처에 있음)
이케아 옷장에 갇힌 인도 고행자의 신기한 여행,로맹 퓌에르톨라,소설,2015,발행 연도,http://sejong.nl.go.kr/brd/NttView.do?bbsSe=BBST007&menuId=O230&upperMenuId=O200&selectedIdx=22186,,,포함
진돗개 보리,김훈,소설,,발표 시기 미상,http://sejong.nl.go.kr/brd/NttView.do?bbsSe=BBST007&menuId=O230&upperMenuId=O200&selectedIdx=36608,,,포함
"천천히, 스미는",G.K. 체스터튼 외,평론,2016,발행 연도,http://sejong.nl.go.kr/brd/NttView.do?bbsSe=BBST007&menuId=O230&upperMenuId=O200&selectedIdx=44613,,,포함
딸에게 차려주는 식탁,김진영,기타,2017,발행 연도,http://sejong.nl.go.kr/brd/NttView.do?bbsSe=BBST007&menuId=O230&upperMenuId=O200&selectedIdx=63954,,,포함
바람이 전하는 인디언 이야기,찰스 A. 이스트먼,소설,2016,발행 연도,http://sejong.nl.go.kr/brd/NttView.do?bbsSe=BBST007&menuId=O230&upperMenuId=O200&selectedIdx=36616,,,포함
세 갈래 길,래티샤 콜롱바니,소설,2017,발행 연도,http://sejong.nl.go.kr/brd/NttView.do?bbsSe=BBST007&menuId=O230&upperMenuId=O200&selectedIdx=65132,,,포함
먼지 먹는 개,손솔지,소설,2016,발행 연도,http://sejong.nl.go.kr/brd/NttView.do?bbsSe=BBST007&menuId=O230&upperMenuId=O200&selectedIdx=43355,,,포함
꿈 꾸는 시인,나태주,수필,2015,발행 연도,http://sejong.nl.go.kr/brd/NttView.do?bbsSe=BBST007&menuId=O230&upperMenuId=O200&selectedIdx=20978,,,포함
시시콜콜한 조선의 일기들,박영서,수필,2021,발행 연도,http://sejong.nl.go.kr/brd/NttView.do?bbsSe=BBST007&menuId=O230&upperMenuId=O200&selectedIdx=98542,,,포함
우리가 농부로 살 수 있을까,종합재미상사,기타,2018,발행 연도,http://sejong.nl.go.kr/brd/NttView.do?bbsSe=BBST007&menuId=O230&upperMenuId=O200&selectedIdx=73186,,,포함
주문을 틀리는 요리점,오구니 시로,기타,2018,발행 연도,http://sejong.nl.go.kr/brd/NttView.do?bbsSe=BBST007&menuId=O230&upperMenuId=O200&selectedIdx=74034,,,포함
도시를 걷는 시간,김별아,수필,2018,발행 연도,http://sejong.nl.go.kr/brd/NttView.do?bbsSe=BBST007&menuId=O230&upperMenuId=O200&selectedIdx=76868,,,포함
숲속의 자본주의자,박혜윤,수필,2021,발행 연도,http://sejong.nl.go.kr/brd/NttView.do?bbsSe=BBST007&menuId=O230&upperMenuId=O200&selectedIdx=98699,,,포함
여행하듯 랄랄라,,기타,2014,발행 연도,http://sejong.nl.go.kr/brd/NttView.do?bbsSe=BBST007&menuId=O230&upperMenuId=O200&selectedIdx=9128,,,포함
호박 목걸이,,기타,2014,발행 연도,http://sejong.nl.go.kr/brd/NttView.do?bbsSe=BBST007&menuId=O230&upperMenuId=O200&selectedIdx=7508,,,포함
책 할아버지의 행복 도서관,고정욱,소설,2013,발행 연도,http://sejong.nl.go.kr/brd/NttView.do?bbsSe=BBST007&menuId=O230&upperMenuId=O200&selectedIdx=29715,,,포함
새는 날아가면서 뒤돌아보지 않는다,류시화,수필,2017,발행 연도,http://sejong.nl.go.kr/brd/NttView.do?bbsSe=BBST007&menuId=O230&upperMenuId=O200&selectedIdx=50429,,,중복 제외 (앞 순위 출처에 있음)
하루를 살아도 당당하게,황인희,수필,2017,발행 연도,http://sejong.nl.go.kr/brd/NttView.do?bbsSe=BBST007&menuId=O230&upperMenuId=O200&selectedIdx=54950,,,포함
검은 수련,미셸 뷔시,소설,2015,발행 연도,http://sejong.nl.go.kr/brd/NttView.do?bbsSe=BBST007&menuId=O230&upperMenuId=O200&selectedIdx=19370,,,포함
82년생 김지영,조남주,소설,2016,발행 연도,http://sejong.nl.go.kr/brd/NttView.do?bbsSe=BBST007&menuId=O230&upperMenuId=O200&selectedIdx=47284,,,중복 제외 (앞 순위 출처에 있음)
삶은 어떻게 예술이 되는가,김형수,평론,2015,발행 연도,http://sejong.nl.go.kr/brd/NttView.do?bbsSe=BBST007&menuId=O230&upperMenuId=O200&selectedIdx=27650,,,포함
책벌레와 메모광,정민,기타,2015,발행 연도,http://sejong.nl.go.kr/brd/NttView.do?bbsSe=BBST007&menuId=O230&upperMenuId=O200&selectedIdx=29712,,,포함
하이힐이 벗겨져도 달리는 아내,이대영,기타,2015,발행 연도,http://sejong.nl.go.kr/brd/NttView.do?bbsSe=BBST007&menuId=O230&upperMenuId=O200&selectedIdx=15918,,,포함
"숲은 고요하지 않다: 식물, 동물, 그리고 미생물 경이로운 생명의 노래",마들렌 치게,기타,2021,발행 연도,http://sejong.nl.go.kr/brd/NttView.do?bbsSe=BBST007&menuId=O230&upperMenuId=O200&selectedIdx=98503,,,포함
인생 우화,류시화,소설,2018,발행 연도,http://sejong.nl.go.kr/brd/NttView.do?bbsSe=BBST007&menuId=O230&upperMenuId=O200&selectedIdx=74035,,,포함
누가 내이름을 이렇게 지었어?,오스카르 아란다,기타,2020,발행 연도,http://sejong.nl.go.kr/brd/NttView.do?bbsSe=BBST007&menuId=O230&upperMenuId=O200&selectedIdx=98140,,,포함
오늘도 흔들리는 중입니다,이재영,기타,2020,발행 연도,http://sejong.nl.go.kr/brd/NttView.do?bbsSe=BBST007&menuId=O230&upperMenuId=O200&selectedIdx=97943,,,포함
약한 게 아니라 아팠던 것이다,권순재,수필,2019,발행 연도,http://sejong.nl.go.kr/brd/NttView.do?bbsSe=BBST007&menuId=O230&upperMenuId=O200&selectedIdx=95431,,,포함
프레이저가 빌리를 만났을 때,,기타,2014,발행 연도,http://sejong.nl.go.kr/brd/NttView.do?bbsSe=BBST007&menuId=O230&upperMenuId=O200&selectedIdx=9129,,,포함
책을 지키려는 고양이,나쓰카와 소스케,소설,2018,발행 연도,http://sejong.nl.go.kr/brd/NttView.do?bbsSe=BBST007&menuId=O230&upperMenuId=O200&selectedIdx=67236,,,포함
할아버지 안녕,김병규,소설,2015,발행 연도,http://sejong.nl.go.kr/brd/NttView.do?bbsSe=BBST007&menuId=O230&upperMenuId=O200&selectedIdx=22205,,,포함
영국에서 사흘 프랑스에서 나흘,이안 무어,기타,2016,발행 연도,http://sejong.nl.go.kr/brd/NttView.do?bbsSe=BBST007&menuId=O230&upperMenuId=O200&selectedIdx=39764,,,포함
말의 품격,이기주,기타,2017,발행 연도,http://sejong.nl.go.kr/brd/NttView.do?bbsSe=BBST007&menuId=O230&upperMenuId=O200&selectedIdx=54953,,,중복 제외 (앞 순위 출처에 있음)
살아 있는 자를 수선하기,마일리스 드 켈랑갈,소설,2017,발행 연도,http://sejong.nl.go.kr/brd/NttView.do?bbsSe=BBST007&menuId=O230&upperMenuId=O200&selectedIdx=58105,,,포함
마음의 선택,우애령,수필,2015,발행 연도,http://sejong.nl.go.kr/brd/NttView.do?bbsSe=BBST007&menuId=O230&upperMenuId=O200&selectedIdx=19373,,,포함
완벽한 인생,이동원,소설,2016,발행 연도,http://sejong.nl.go.kr/brd/NttView.do?bbsSe=BBST007&menuId=O230&upperMenuId=O200&selectedIdx=45641,,,포함
뒤뜰에 골칫거리가 산다,,소설,,발표 시기 미상,http://sejong.nl.go.kr/brd/NttView.do?bbsSe=BBST007&menuId=O230&upperMenuId=O200&selectedIdx=5571,,,중복 제외 (앞 순위 출처에 있음)
사람으로서 소중한 것,와타나베 가즈코,기타,2015,발행 연도,http://sejong.nl.go.kr/brd/NttView.do?bbsSe=BBST007&menuId=O230&upperMenuId=O200&selectedIdx=33703,,,포함
참 괜찮은 나,고수산나,소설,2015,발행 연도,http://sejong.nl.go.kr/brd/NttView.do?bbsSe=BBST007&menuId=O230&upperMenuId=O200&selectedIdx=34888,,,포함
열세 살에 마음부자가 된 키라,보도 섀퍼,소설,2015,발행 연도,http://sejong.nl.go.kr/brd/NttView.do?bbsSe=BBST007&menuId=O230&upperMenuId=O200&selectedIdx=15917,,,포함
아자젤,아이작 아시모프,소설,2015,발행 연도,http://sejong.nl.go.kr/brd/NttView.do?bbsSe=BBST007&menuId=O230&upperMenuId=O200&selectedIdx=16881,,,포함
디어 에드워드,앤 나폴리타노,소설,2020,발행 연도,http://sejong.nl.go.kr/brd/NttView.do?bbsSe=BBST007&menuId=O230&upperMenuId=O200&selectedIdx=97902,,,포함
허수아비 일기,싼마오,수필,2021,발행 연도,http://sejong.nl.go.kr/brd/NttView.do?bbsSe=BBST007&menuId=O230&upperMenuId=O200&selectedIdx=98697,,,포함
작은 동네,손보미,소설,2020,발행 연도,http://sejong.nl.go.kr/brd/NttView.do?bbsSe=BBST007&menuId=O230&upperMenuId=O200&selectedIdx=97767,,,중복 제외 (앞 순위 출처에 있음)
만년의 집,강상중,수필,2019,발행 연도,http://sejong.nl.go.kr/brd/NttView.do?bbsSe=BBST007&menuId=O230&upperMenuId=O200&selectedIdx=95943,,,포함
정도전과 그의 시대,,소설,2014,발행 연도,http://sejong.nl.go.kr/brd/NttView.do?bbsSe=BBST007&menuId=O230&upperMenuId=O200&selectedIdx=7506,,,포함
나를 위로하는 글쓰기,셰퍼드 코미나스,평론,2018,발행 연도,http://sejong.nl.go.kr/brd/NttView.do?bbsSe=BBST007&menuId=O230&upperMenuId=O200&selectedIdx=67247,,,포함
사자 사냥꾼 클로이의 끝없는 이야기,맥 바네트,소설,,발표 시기 미상,http://sejong.nl.go.kr/brd/NttView.do?bbsSe=BBST007&menuId=O230&upperMenuId=O200&selectedIdx=31566,,,포함
내일 : 기욤 뮈소 장편소설,,소설,,발표 시기 미상,http://sejong.nl.go.kr/brd/NttView.do?bbsSe=BBST007&menuId=O230&upperMenuId=O200&selectedIdx=3729,,,포함
제명공주,이상훈,소설,2018,발행 연도,http://sejong.nl.go.kr/brd/NttView.do?bbsSe=BBST007&menuId=O230&upperMenuId=O200&selectedIdx=72202,,,포함
보다,,수필,2014,발행 연도,http://sejong.nl.go.kr/brd/NttView.do?bbsSe=BBST007&menuId=O230&upperMenuId=O200&selectedIdx=11302,,,중복 제외 (앞 순위 출처에 있음)
"오후 세시, 그곳으로부터",,수필,2014,발행 연도,http://sejong.nl.go.kr/brd/NttView.do?bbsSe=BBST007&menuId=O230&upperMenuId=O200&selectedIdx=13631,,,포함
당신의 4분 33초,이서수,소설,2020,발행 연도,http://sejong.nl.go.kr/brd/NttView.do?bbsSe=BBST007&menuId=O230&upperMenuId=O200&selectedIdx=97903,,,중복 제외 (앞 순위 출처에 있음)
노라와 모라,김선재,소설,2020,발행 연도,http://sejong.nl.go.kr/brd/NttView.do?bbsSe=BBST007&menuId=O230&upperMenuId=O200&selectedIdx=98138,,,포함
차의 시간을 걷다,"김세리, 조미라",시,2020,발행 연도,http://sejong.nl.go.kr/brd/NttView.do?bbsSe=BBST007&menuId=O230&upperMenuId=O200&selectedIdx=97942,,,포함
애쓰다 지친 나를 위해,서덕,기타,2019,발행 연도,http://sejong.nl.go.kr/brd/NttView.do?bbsSe=BBST007&menuId=O230&upperMenuId=O200&selectedIdx=94554,,,포함
상냥한 사람,윤성희,소설,2019,발행 연도,http://sejong.nl.go.kr/brd/NttView.do?bbsSe=BBST007&menuId=O230&upperMenuId=O200&selectedIdx=88202,,,포함
그래도 우리의 나날,시바타 쇼,소설,2018,발행 연도,http://sejong.nl.go.kr/brd/NttView.do?bbsSe=BBST007&menuId=O230&upperMenuId=O200&selectedIdx=80831,,,포함
희망수업,,기타,2014,발행 연도,http://sejong.nl.go.kr/brd/NttView.do?bbsSe=BBST007&menuId=O230&upperMenuId=O200&selectedIdx=9979,,,포함
"책, 읽거나 먹거나 : 실학자 이덕무의 비밀 친구 이야기",김주현,소설,2014,발행 연도,http://sejong.nl.go.kr/brd/NttView.do?bbsSe=BBST007&menuId=O230&upperMenuId=O200&selectedIdx=33702,,,포함
마카로니 프로젝트,김솔,소설,2018,발행 연도,http://sejong.nl.go.kr/brd/NttView.do?bbsSe=BBST007&menuId=O230&upperMenuId=O200&selectedIdx=73183,,,포함
더월,존 란체스터,소설,2020,발행 연도,http://sejong.nl.go.kr/brd/NttView.do?bbsSe=BBST007&menuId=O230&upperMenuId=O200&selectedIdx=98335,,,포함
열다섯 마리 개,앙드레 알렉시스,소설,2020,발행 연도,http://sejong.nl.go.kr/brd/NttView.do?bbsSe=BBST007&menuId=O230&upperMenuId=O200&selectedIdx=98029,,,중복 제외 (앞 순위 출처에 있음)
딸에 대하여,김혜진,소설,2017,발행 연도,http://sejong.nl.go.kr/brd/NttView.do?bbsSe=BBST007&menuId=O230&upperMenuId=O200&selectedIdx=59422,,,중복 제외 (앞 순위 출처에 있음)
만약은 없다,남궁인,기타,2016,발행 연도,http://sejong.nl.go.kr/brd/NttView.do?bbsSe=BBST007&menuId=O230&upperMenuId=O200&selectedIdx=42290,,,포함
태도에 관하여,임경선,기타,2015,발행 연도,http://sejong.nl.go.kr/brd/NttView.do?bbsSe=BBST007&menuId=O230&upperMenuId=O200&selectedIdx=19380,,,포함
서른의 반격,손원평,소설,2017,발행 연도,http://sejong.nl.go.kr/brd/NttView.do?bbsSe=BBST007&menuId=O230&upperMenuId=O200&selectedIdx=60918,,,중복 제외 (앞 순위 출처에 있음)
나는 그곳에서 행복을 만납니다,"홍상만, 주우미, 박산하",기타,2015,발행 연도,http://sejong.nl.go.kr/brd/NttView.do?bbsSe=BBST007&menuId=O230&upperMenuId=O200&selectedIdx=27659,,,포함
128호실의 원고,카티 보니당,소설,2020,발행 연도,http://sejong.nl.go.kr/brd/NttView.do?bbsSe=BBST007&menuId=O230&upperMenuId=O200&selectedIdx=96256,,,포함
모두 너와 이야기하고 싶어 해,은모든,소설,2020,발행 연도,http://sejong.nl.go.kr/brd/NttView.do?bbsSe=BBST007&menuId=O230&upperMenuId=O200&selectedIdx=97132,,,포함
남은 생의 첫날,비르지니 그리말디,소설,2015,발행 연도,http://sejong.nl.go.kr/brd/NttView.do?bbsSe=BBST007&menuId=O230&upperMenuId=O200&selectedIdx=29713,,,포함
수영하는 여자들,리비 페이지,소설,2018,발행 연도,http://sejong.nl.go.kr/brd/NttView.do?bbsSe=BBST007&menuId=O230&upperMenuId=O200&selectedIdx=73181,,,포함
기쁨의 정원,조병준,수필,2016,발행 연도,http://sejong.nl.go.kr/brd/NttView.do?bbsSe=BBST007&menuId=O230&upperMenuId=O200&selectedIdx=43351,,,포함
오늘 뭐 먹지?,권여선,수필,2018,발행 연도,http://sejong.nl.go.kr/brd/NttView.do?bbsSe=BBST007&menuId=O230&upperMenuId=O200&selectedIdx=72199,,,포함
코타로와 나,곽지훈,기타,2016,발행 연도,http://sejong.nl.go.kr/brd/NttView.do?bbsSe=BBST007&menuId=O230&upperMenuId=O200&selectedIdx=44604,,,포함
무심하게 산다,가쿠타 미쓰요,수필,2017,발행 연도,http://sejong.nl.go.kr/brd/NttView.do?bbsSe=BBST007&menuId=O230&upperMenuId=O200&selectedIdx=52934,,,포함
우리의 남극 탐험기,김근우,소설,2017,발행 연도,http://sejong.nl.go.kr/brd/NttView.do?bbsSe=BBST007&menuId=O230&upperMenuId=O200&selectedIdx=57542,,,포함
내일의 빛,,소설,2014,발행 연도,http://sejong.nl.go.kr/brd/NttView.do?bbsSe=BBST007&menuId=O230&upperMenuId=O200&selectedIdx=6734,,,포함
아마존 vs. 구글 미래 전쟁,강정우,동화,2019,발행 연도,http://sejong.nl.go.kr/brd/NttView.do?bbsSe=BBST007&menuId=O230&upperMenuId=O200&selectedIdx=86404,,,중복 제외 (앞 순위 출처에 있음)
나의 페르시아어 수업,마리암 마지디,소설,2018,발행 연도,http://sejong.nl.go.kr/brd/NttView.do?bbsSe=BBST007&menuId=O230&upperMenuId=O200&selectedIdx=68766,,,중복 제외 (앞 순위 출처에 있음)
높고 푸른 사다리,공지영,소설,,발표 시기 미상,http://sejong.nl.go.kr/brd/NttView.do?bbsSe=BBST007&menuId=O230&upperMenuId=O200&selectedIdx=3719,,,중복 제외 (앞 순위 출처에 있음)
보통 사람들의 전쟁,앤드루 양,동화,2019,발행 연도,http://sejong.nl.go.kr/brd/NttView.do?bbsSe=BBST007&menuId=O230&upperMenuId=O200&selectedIdx=81979,,,중복 제외 (앞 순위 출처에 있음)
뉴런하우스,김정규,소설,2018,발행 연도,http://sejong.nl.go.kr/brd/NttView.do?bbsSe=BBST007&menuId=O230&upperMenuId=O200&selectedIdx=70775,,,포함
나를 대단하다고 하지 마라,해릴린 루소,소설,2015,발행 연도,http://sejong.nl.go.kr/brd/NttView.do?bbsSe=BBST007&menuId=O230&upperMenuId=O200&selectedIdx=20979,,,포함
"나는 안녕한가요? :그림, 책으로 나를 그리다",백두리,기타,2016,발행 연도,http://sejong.nl.go.kr/brd/NttView.do?bbsSe=BBST007&menuId=O230&upperMenuId=O200&selectedIdx=37878,,,포함
엄마의 글쓰기,김정은,기타,2017,발행 연도,http://sejong.nl.go.kr/brd/NttView.do?bbsSe=BBST007&menuId=O230&upperMenuId=O200&selectedIdx=57538,,,포함
비밀의 도서관,올리버 티얼,평론,2017,발행 연도,http://sejong.nl.go.kr/brd/NttView.do?bbsSe=BBST007&menuId=O230&upperMenuId=O200&selectedIdx=57539,,,포함
불과 나의 자서전,김혜진,소설,2020,발행 연도,http://sejong.nl.go.kr/brd/NttView.do?bbsSe=BBST007&menuId=O230&upperMenuId=O200&selectedIdx=96257,,,포함
카구야 프로젝트,원샨,소설,2020,발행 연도,http://sejong.nl.go.kr/brd/NttView.do?bbsSe=BBST007&menuId=O230&upperMenuId=O200&selectedIdx=97137,,,포함
소르본 철학 수업,전진,기타,2020,발행 연도,http://sejong.nl.go.kr/brd/NttView.do?bbsSe=BBST007&menuId=O230&upperMenuId=O200&selectedIdx=97924,,,포함
천 개의 파랑,천선란,소설,2020,발행 연도,http://sejong.nl.go.kr/brd/NttView.do?bbsSe=BBST007&menuId=O230&upperMenuId=O200&selectedIdx=98003,,,중복 제외 (앞 순위 출처에 있음)
어두운 숲,니콜 크라우스,소설,2020,발행 연도,http://sejong.nl.go.kr/brd/NttView.do?bbsSe=BBST007&menuId=O230&upperMenuId=O200&selectedIdx=97752,,,중복 제외 (앞 순위 출처에 있음)
줄리아나 도쿄,한정현,소설,2019,발행 연도,http://sejong.nl.go.kr/brd/NttView.do?bbsSe=BBST007&menuId=O230&upperMenuId=O200&selectedIdx=83349,,,포함
보이지 않는 것들,로이 야콥센,기타,2021,발행 연도,http://sejong.nl.go.kr/brd/NttView.do?bbsSe=BBST007&menuId=O230&upperMenuId=O200&selectedIdx=98501,,,중복 제외 (앞 순위 출처에 있음)
마쉬왕의 딸,카렌 디온느,소설,2017,발행 연도,http://sejong.nl.go.kr/brd/NttView.do?bbsSe=BBST007&menuId=O230&upperMenuId=O200&selectedIdx=63906,,,중복 제외 (앞 순위 출처에 있음)
혼자가 좋다,프란치스카 무리,기타,2018,발행 연도,http://sejong.nl.go.kr/brd/NttView.do?bbsSe=BBST007&menuId=O230&upperMenuId=O200&selectedIdx=72215,,,포함
소중한 경험,김형경,수필,2015,발행 연도,http://sejong.nl.go.kr/brd/NttView.do?bbsSe=BBST007&menuId=O230&upperMenuId=O200&selectedIdx=22204,,,포함
붉은 소파,조영주,소설,2016,발행 연도,http://sejong.nl.go.kr/brd/NttView.do?bbsSe=BBST007&menuId=O230&upperMenuId=O200&selectedIdx=39763,,,포함
우리 옆집에 영국남자가 산다,팀 알퍼,기타,2017,발행 연도,http://sejong.nl.go.kr/brd/NttView.do?bbsSe=BBST007&menuId=O230&upperMenuId=O200&selectedIdx=54952,,,포함
마음 색칠 : 명화에 숨은 감정 읽기,지경화,소설,2015,발행 연도,http://sejong.nl.go.kr/brd/NttView.do?bbsSe=BBST007&menuId=O230&upperMenuId=O200&selectedIdx=19372,,,포함
시인 신경림,김근우,시,2017,발행 연도,http://sejong.nl.go.kr/brd/NttView.do?bbsSe=BBST007&menuId=O230&upperMenuId=O200&selectedIdx=60915,,,포함
조르바를 춤추게 하는 글쓰기,,기타,,발표 시기 미상,http://sejong.nl.go.kr/brd/NttView.do?bbsSe=BBST007&menuId=O230&upperMenuId=O200&selectedIdx=4436,,,포함
책 읽기 달인,,소설,2014,발행 연도,http://sejong.nl.go.kr/brd/NttView.do?bbsSe=BBST007&menuId=O230&upperMenuId=O200&selectedIdx=13634,,,포함
한복 입은 남자,이상훈,소설,2014,발행 연도,http://sejong.nl.go.kr/brd/NttView.do?bbsSe=BBST007&menuId=O230&upperMenuId=O200&selectedIdx=14629,,,포함
배움의 발견,타라 웨스트오버,소설,2020,발행 연도,http://sejong.nl.go.kr/brd/NttView.do?bbsSe=BBST007&menuId=O230&upperMenuId=O200&selectedIdx=96259,,,포함
목소리를 삼킨 아이,파리누쉬 사니이,희곡,2020,발행 연도,http://sejong.nl.go.kr/brd/NttView.do?bbsSe=BBST007&menuId=O230&upperMenuId=O200&selectedIdx=98001,,,중복 제외 (앞 순위 출처에 있음)
머지않아 이별입니다,나가쓰키 아마네,소설,2020,발행 연도,http://sejong.nl.go.kr/brd/NttView.do?bbsSe=BBST007&menuId=O230&upperMenuId=O200&selectedIdx=97926,,,포함
스노볼,박소영,소설,2020,발행 연도,http://sejong.nl.go.kr/brd/NttView.do?bbsSe=BBST007&menuId=O230&upperMenuId=O200&selectedIdx=98014,,,포함
소설처럼 아름다운 클래식 이야기,이채훈,소설,2020,발행 연도,http://sejong.nl.go.kr/brd/NttView.do?bbsSe=BBST007&menuId=O230&upperMenuId=O200&selectedIdx=97766,,,중복 제외 (앞 순위 출처에 있음)
어른답게 삽시다,이시형,기타,2019,발행 연도,http://sejong.nl.go.kr/brd/NttView.do?bbsSe=BBST007&menuId=O230&upperMenuId=O200&selectedIdx=90054,,,포함
보라선 열차와 사라진 아이들,디파 아나파라,소설,2021,발행 연도,http://sejong.nl.go.kr/brd/NttView.do?bbsSe=BBST007&menuId=O230&upperMenuId=O200&selectedIdx=98881,,,포함
추락하는 것은 복근이 없다,김해원,소설,,발표 시기 미상,http://sejong.nl.go.kr/brd/NttView.do?bbsSe=BBST007&menuId=O230&upperMenuId=O200&selectedIdx=29717,,,포함
모서리의 탄생,신주희,소설,2018,발행 연도,http://sejong.nl.go.kr/brd/NttView.do?bbsSe=BBST007&menuId=O230&upperMenuId=O200&selectedIdx=68807,,,중복 제외 (앞 순위 출처에 있음)
인생 부자들,,기타,,발표 시기 미상,http://sejong.nl.go.kr/brd/NttView.do?bbsSe=BBST007&menuId=O230&upperMenuId=O200&selectedIdx=5575,,,포함
여행과 독서,잔홍즈,기타,2017,발행 연도,http://sejong.nl.go.kr/brd/NttView.do?bbsSe=BBST007&menuId=O230&upperMenuId=O200&selectedIdx=56369,,,포함
작가의 창,마테오 페리콜리,평론,2016,발행 연도,http://sejong.nl.go.kr/brd/NttView.do?bbsSe=BBST007&menuId=O230&upperMenuId=O200&selectedIdx=33705,,,포함
글쓰는 여자의 공간,타니아 슐리,평론,2016,발행 연도,http://sejong.nl.go.kr/brd/NttView.do?bbsSe=BBST007&menuId=O230&upperMenuId=O200&selectedIdx=34893,,,포함
나의 요리사 마은숙,김설원,소설,2016,발행 연도,http://sejong.nl.go.kr/brd/NttView.do?bbsSe=BBST007&menuId=O230&upperMenuId=O200&selectedIdx=34894,,,포함
플라맹코 추는 남자,허태연,소설,2021,발행 연도,http://sejong.nl.go.kr/brd/NttView.do?bbsSe=BBST007&menuId=O230&upperMenuId=O200&selectedIdx=98920,,,포함
모스크바의 신사,에이모 토울스,소설,2018,발행 연도,http://sejong.nl.go.kr/brd/NttView.do?bbsSe=BBST007&menuId=O230&upperMenuId=O200&selectedIdx=76853,,,포함
그래서 좀 쉬라고 호르몬에서 힘을 살짝 빼준 거야,"막심 레오, 요헨 구취",수필,2019,발행 연도,http://sejong.nl.go.kr/brd/NttView.do?bbsSe=BBST007&menuId=O230&upperMenuId=O200&selectedIdx=81975,,,포함
아서 씨는 진짜 사랑입니다,엘리자베스 버그,소설,2018,발행 연도,http://sejong.nl.go.kr/brd/NttView.do?bbsSe=BBST007&menuId=O230&upperMenuId=O200&selectedIdx=79378,,,포함
정조처럼 소통하라,정창권,수필,2018,발행 연도,http://sejong.nl.go.kr/brd/NttView.do?bbsSe=BBST007&menuId=O230&upperMenuId=O200&selectedIdx=74036,,,포함
지구별 생태사상가,황대권 외,기타,2020,발행 연도,http://sejong.nl.go.kr/brd/NttView.do?bbsSe=BBST007&menuId=O230&upperMenuId=O200&selectedIdx=98343,,,포함
내 정원의 로봇,데보라 인스톨,소설,2018,발행 연도,http://sejong.nl.go.kr/brd/NttView.do?bbsSe=BBST007&menuId=O230&upperMenuId=O200&selectedIdx=72211,,,포함
홀,편혜영,소설,2016,발행 연도,http://sejong.nl.go.kr/brd/NttView.do?bbsSe=BBST007&menuId=O230&upperMenuId=O200&selectedIdx=37897,,,중복 제외 (앞 순위 출처에 있음)
없는 사람,최정화,소설,2016,발행 연도,http://sejong.nl.go.kr/brd/NttView.do?bbsSe=BBST007&menuId=O230&upperMenuId=O200&selectedIdx=49628,,,포함
여유롭게 살 권리,강수돌,기타,,발표 시기 미상,http://sejong.nl.go.kr/brd/NttView.do?bbsSe=BBST007&menuId=O230&upperMenuId=O200&selectedIdx=31563,,,포함
행복을 나르는 버스,맷 데 라 페냐,소설,,발표 시기 미상,http://sejong.nl.go.kr/brd/NttView.do?bbsSe=BBST007&menuId=O230&upperMenuId=O200&selectedIdx=45635,,,포함
마음에 지지 않을 용기,김이율,기타,2015,발행 연도,http://sejong.nl.go.kr/brd/NttView.do?bbsSe=BBST007&menuId=O230&upperMenuId=O200&selectedIdx=25505,,,포함
일언력,가와카미 데쓰야,평론,2018,발행 연도,http://sejong.nl.go.kr/brd/NttView.do?bbsSe=BBST007&menuId=O230&upperMenuId=O200&selectedIdx=67225,,,포함
진 브로디 선생의 전성기,뮤리얼 스파크,소설,2018,발행 연도,http://sejong.nl.go.kr/brd/NttView.do?bbsSe=BBST007&menuId=O230&upperMenuId=O200&selectedIdx=67226,,,포함
악의,정해연,소설,2015,발행 연도,http://sejong.nl.go.kr/brd/NttView.do?bbsSe=BBST007&menuId=O230&upperMenuId=O200&selectedIdx=37894,,,포함
"70세 사망법안, 가결",가키야 미우,소설,2018,발행 연도,http://sejong.nl.go.kr/brd/NttView.do?bbsSe=BBST007&menuId=O230&upperMenuId=O200&selectedIdx=75273,,,포함
어릴 적 그 책,,평론,2013,발행 연도,http://sejong.nl.go.kr/brd/NttView.do?bbsSe=BBST007&menuId=O230&upperMenuId=O200&selectedIdx=7923,,,포함
위험한 시간 여행,조이스 캐롤 오츠,소설,2019,발행 연도,http://sejong.nl.go.kr/brd/NttView.do?bbsSe=BBST007&menuId=O230&upperMenuId=O200&selectedIdx=84763,,,포함
엄마의 죽음은 처음이니까,권혁란,기타,2020,발행 연도,http://sejong.nl.go.kr/brd/NttView.do?bbsSe=BBST007&menuId=O230&upperMenuId=O200&selectedIdx=95433,,,포함
혼자만의 시간이 필요한 이유,나코시 야스후미,평론,2018,발행 연도,http://sejong.nl.go.kr/brd/NttView.do?bbsSe=BBST007&menuId=O230&upperMenuId=O200&selectedIdx=75268,,,포함
명작 뒤에 숨겨진 사랑,이동연,수필,2016,발행 연도,http://sejong.nl.go.kr/brd/NttView.do?bbsSe=BBST007&menuId=O230&upperMenuId=O200&selectedIdx=50423,,,포함
앙 : 단팥 인생 이야기,두리안 스케가와,소설,2015,발행 연도,http://sejong.nl.go.kr/brd/NttView.do?bbsSe=BBST007&menuId=O230&upperMenuId=O200&selectedIdx=31564,,,포함
당신의 완벽한 1년,샤를로테 루카스,소설,2017,발행 연도,http://sejong.nl.go.kr/brd/NttView.do?bbsSe=BBST007&menuId=O230&upperMenuId=O200&selectedIdx=51500,,,중복 제외 (앞 순위 출처에 있음)
벌들의 죽음,리사 오도넬,소설,2015,발행 연도,http://sejong.nl.go.kr/brd/NttView.do?bbsSe=BBST007&menuId=O230&upperMenuId=O200&selectedIdx=25506,,,중복 제외 (앞 순위 출처에 있음)
위베르씨 내일의 지구를 말해주세요,"위베르 르베스, 크리스토프 오벨",소설,,발표 시기 미상,http://sejong.nl.go.kr/brd/NttView.do?bbsSe=BBST007&menuId=O230&upperMenuId=O200&selectedIdx=33701,,,포함
새벽까지 희미하게,정미경,소설,,발표 시기 미상,http://sejong.nl.go.kr/brd/NttView.do?bbsSe=BBST007&menuId=O230&upperMenuId=O200&selectedIdx=66196,,,중복 제외 (앞 순위 출처에 있음)
빨리 걸을수록 나는 더 작아진다,,기타,2014,발행 연도,http://sejong.nl.go.kr/brd/NttView.do?bbsSe=BBST007&menuId=O230&upperMenuId=O200&selectedIdx=12264,,,포함
체리 토마토 파이,베로니크 드 뷔르,소설,2019,발행 연도,http://sejong.nl.go.kr/brd/NttView.do?bbsSe=BBST007&menuId=O230&upperMenuId=O200&selectedIdx=83354,,,포함
유품정리사 : 연꽃 죽음의 비밀,정명섭,소설,2019,발행 연도,http://sejong.nl.go.kr/brd/NttView.do?bbsSe=BBST007&menuId=O230&upperMenuId=O200&selectedIdx=86397,,,중복 제외 (앞 순위 출처에 있음)
내가 하늘에서 떨어졌을 때,율리아네 쾨프케,기타,2019,발행 연도,http://sejong.nl.go.kr/brd/NttView.do?bbsSe=BBST007&menuId=O230&upperMenuId=O200&selectedIdx=91243,,,포함
작은마음동호회,윤이형,소설,2019,발행 연도,http://sejong.nl.go.kr/brd/NttView.do?bbsSe=BBST007&menuId=O230&upperMenuId=O200&selectedIdx=88981,,,포함
공감하는 능력,,평론,2014,발행 연도,http://sejong.nl.go.kr/brd/NttView.do?bbsSe=BBST007&menuId=O230&upperMenuId=O200&selectedIdx=8556,,,포함
저마다의 별을 찾아서 : 어린왕자와 생텍쥐페리에 관한 인문학 여행,윤혜진,기타,2019,발행 연도,http://sejong.nl.go.kr/brd/NttView.do?bbsSe=BBST007&menuId=O230&upperMenuId=O200&selectedIdx=79382,,,포함
금척: 한민족 최고의 비기,김종록,소설,2018,발행 연도,http://sejong.nl.go.kr/brd/NttView.do?bbsSe=BBST007&menuId=O230&upperMenuId=O200&selectedIdx=78528,,,포함
상상이 현실이 되는 순간,조엘 레비,평론,2020,발행 연도,http://sejong.nl.go.kr/brd/NttView.do?bbsSe=BBST007&menuId=O230&upperMenuId=O200&selectedIdx=98030,,,포함
이반 오소킨의 인생 여행,,희곡,2014,발행 연도,http://sejong.nl.go.kr/brd/NttView.do?bbsSe=BBST007&menuId=O230&upperMenuId=O200&selectedIdx=9976,,,포함
연적,김호연,소설,2015,발행 연도,http://sejong.nl.go.kr/brd/NttView.do?bbsSe=BBST007&menuId=O230&upperMenuId=O200&selectedIdx=37896,,,중복 제외 (앞 순위 출처에 있음)
안녕하세요,신성희,소설,2015,발행 연도,http://sejong.nl.go.kr/brd/NttView.do?bbsSe=BBST007&menuId=O230&upperMenuId=O200&selectedIdx=42284,,,포함
나를 부르는 숲,빌 브라이슨,수필,2018,발행 연도,http://sejong.nl.go.kr/brd/NttView.do?bbsSe=BBST007&menuId=O230&upperMenuId=O200&selectedIdx=68784,,,포함
일본인 심리상자,유영수,기타,2016,발행 연도,http://sejong.nl.go.kr/brd/NttView.do?bbsSe=BBST007&menuId=O230&upperMenuId=O200&selectedIdx=45646,,,포함
입 안에 고인 침묵,최윤정,수필,2015,발행 연도,http://sejong.nl.go.kr/brd/NttView.do?bbsSe=BBST007&menuId=O230&upperMenuId=O200&selectedIdx=25509,,,포함
역사에 사랑을 묻다,서지영,평론,,발표 시기 미상,http://sejong.nl.go.kr/brd/NttView.do?bbsSe=BBST007&menuId=O230&upperMenuId=O200&selectedIdx=664,,,포함
나의 세 번째 가족,홀리 골드버그 슬로운,소설,,발표 시기 미상,http://sejong.nl.go.kr/brd/NttView.do?bbsSe=BBST007&menuId=O230&upperMenuId=O200&selectedIdx=37879,,,포함
물발자국 이야기 : 지구에게 꼭 필요한 물,이수정,동화,2016,발행 연도,http://sejong.nl.go.kr/brd/NttView.do?bbsSe=BBST007&menuId=O230&upperMenuId=O200&selectedIdx=37880,,,포함
행복만을 보았다,그레구아르 들라쿠르,소설,2015,발행 연도,http://sejong.nl.go.kr/brd/NttView.do?bbsSe=BBST007&menuId=O230&upperMenuId=O200&selectedIdx=15907,,,포함
통과비자,,평론,2014,발행 연도,http://sejong.nl.go.kr/brd/NttView.do?bbsSe=BBST007&menuId=O230&upperMenuId=O200&selectedIdx=12269,,,포함
소년이로,편혜영,소설,2019,발행 연도,http://sejong.nl.go.kr/brd/NttView.do?bbsSe=BBST007&menuId=O230&upperMenuId=O200&selectedIdx=86394,,,중복 제외 (앞 순위 출처에 있음)
디어 에번 핸슨,"밸 에미치, 스티븐 레번슨, 벤지 파섹",소설,2019,발행 연도,http://sejong.nl.go.kr/brd/NttView.do?bbsSe=BBST007&menuId=O230&upperMenuId=O200&selectedIdx=86409,,,중복 제외 (앞 순위 출처에 있음)
환생 블루스,마이클 푸어,소설,2019,발행 연도,http://sejong.nl.go.kr/brd/NttView.do?bbsSe=BBST007&menuId=O230&upperMenuId=O200&selectedIdx=88982,,,포함
당신이 남긴 증오,앤지 토머스,소설,2018,발행 연도,http://sejong.nl.go.kr/brd/NttView.do?bbsSe=BBST007&menuId=O230&upperMenuId=O200&selectedIdx=79383,,,중복 제외 (앞 순위 출처에 있음)
하란사,권비영,소설,2021,발행 연도,http://sejong.nl.go.kr/brd/NttView.do?bbsSe=BBST007&menuId=O230&upperMenuId=O200&selectedIdx=98715,,,포함
사랑은 그렇게 끝나지 않는다,,소설,2014,발행 연도,http://sejong.nl.go.kr/brd/NttView.do?bbsSe=BBST007&menuId=O230&upperMenuId=O200&selectedIdx=7502,,,포함
스노볼 드라이브,조예은,소설,2021,발행 연도,http://sejong.nl.go.kr/brd/NttView.do?bbsSe=BBST007&menuId=O230&upperMenuId=O200&selectedIdx=98336,,,포함
오늘도 이상한 사람 때문에 힘들었습니다,정희정,기타,2020,발행 연도,http://sejong.nl.go.kr/brd/NttView.do?bbsSe=BBST007&menuId=O230&upperMenuId=O200&selectedIdx=97996,,,포함
당신에게 일시 정지를 권유합니다,김종관,기타,2020,발행 연도,http://sejong.nl.go.kr/brd/NttView.do?bbsSe=BBST007&menuId=O230&upperMenuId=O200&selectedIdx=98071,,,포함
나는 매일 엄마와 밥을 먹는다,정성기,기타,2016,발행 연도,http://sejong.nl.go.kr/brd/NttView.do?bbsSe=BBST007&menuId=O230&upperMenuId=O200&selectedIdx=48311,,,포함
그 겨울의 일주일,메이브 빈치,소설,2018,발행 연도,http://sejong.nl.go.kr/brd/NttView.do?bbsSe=BBST007&menuId=O230&upperMenuId=O200&selectedIdx=63947,,,중복 제외 (앞 순위 출처에 있음)
일곱 가지 이야기,가노 도모코,소설,2016,발행 연도,http://sejong.nl.go.kr/brd/NttView.do?bbsSe=BBST007&menuId=O230&upperMenuId=O200&selectedIdx=39766,,,포함
추억에 관한 모든 것,다니엘 레티히,평론,2016,발행 연도,http://sejong.nl.go.kr/brd/NttView.do?bbsSe=BBST007&menuId=O230&upperMenuId=O200&selectedIdx=41053,,,포함
조선 명저 기행,박영규,수필,2018,발행 연도,http://sejong.nl.go.kr/brd/NttView.do?bbsSe=BBST007&menuId=O230&upperMenuId=O200&selectedIdx=66173,,,포함
모나리자 바이러스,티보어 로데,소설,2016,발행 연도,http://sejong.nl.go.kr/brd/NttView.do?bbsSe=BBST007&menuId=O230&upperMenuId=O200&selectedIdx=43356,,,포함
"뫼르소, 살인사건",카멜 다우드,소설,2017,발행 연도,http://sejong.nl.go.kr/brd/NttView.do?bbsSe=BBST007&menuId=O230&upperMenuId=O200&selectedIdx=49634,,,포함
세계문학 브런치,정시몬,평론,2016,발행 연도,http://sejong.nl.go.kr/brd/NttView.do?bbsSe=BBST007&menuId=O230&upperMenuId=O200&selectedIdx=49635,,,포함
바둑이는 밤중에 무얼할까?,,소설,2014,발행 연도,http://sejong.nl.go.kr/brd/NttView.do?bbsSe=BBST007&menuId=O230&upperMenuId=O200&selectedIdx=13628,,,포함
보라색 히비스커스,치마만다 응고지 아디치에,소설,2019,발행 연도,http://sejong.nl.go.kr/brd/NttView.do?bbsSe=BBST007&menuId=O230&upperMenuId=O200&selectedIdx=92790,,,포함
나는 슈뢰딩거의 고양이로소이다,원종우,소설,2019,발행 연도,http://sejong.nl.go.kr/brd/NttView.do?bbsSe=BBST007&menuId=O230&upperMenuId=O200&selectedIdx=95144,,,포함
도서관을 떠나는 책들을 위하여,오수완,소설,2020,발행 연도,http://sejong.nl.go.kr/brd/NttView.do?bbsSe=BBST007&menuId=O230&upperMenuId=O200&selectedIdx=96494,,,포함
방관시대의 사람들,류전윈,소설,2019,발행 연도,http://sejong.nl.go.kr/brd/NttView.do?bbsSe=BBST007&menuId=O230&upperMenuId=O200&selectedIdx=94551,,,포함
러브 인 프렌치,로런 콜린스,기타,2019,발행 연도,http://sejong.nl.go.kr/brd/NttView.do?bbsSe=BBST007&menuId=O230&upperMenuId=O200&selectedIdx=88194,,,중복 제외 (앞 순위 출처에 있음)
땜장이 의사의 국경 없는 도전,김용진,기타,2019,발행 연도,http://sejong.nl.go.kr/brd/NttView.do?bbsSe=BBST007&menuId=O230&upperMenuId=O200&selectedIdx=90044,,,포함
아빠는 나무다,,소설,2014,발행 연도,http://sejong.nl.go.kr/brd/NttView.do?bbsSe=BBST007&menuId=O230&upperMenuId=O200&selectedIdx=7505,,,포함
구스타프 소나타,로즈 트레마인,소설,2017,발행 연도,http://sejong.nl.go.kr/brd/NttView.do?bbsSe=BBST007&menuId=O230&upperMenuId=O200&selectedIdx=63948,,,포함
그 무렵 누군가,,소설,2014,발행 연도,http://sejong.nl.go.kr/brd/NttView.do?bbsSe=BBST007&menuId=O230&upperMenuId=O200&selectedIdx=6733,,,포함
말순씨는 나를 남편으로 착각한다,최정원,기타,2015,발행 연도,http://sejong.nl.go.kr/brd/NttView.do?bbsSe=BBST007&menuId=O230&upperMenuId=O200&selectedIdx=23958,,,포함
"트라우마여, 안녕",로렌스 곤잘레스,동화,2016,발행 연도,http://sejong.nl.go.kr/brd/NttView.do?bbsSe=BBST007&menuId=O230&upperMenuId=O200&selectedIdx=41054,,,중복 제외 (앞 순위 출처에 있음)
한 스푼의 시간,구병모,소설,2016,발행 연도,http://sejong.nl.go.kr/brd/NttView.do?bbsSe=BBST007&menuId=O230&upperMenuId=O200&selectedIdx=44614,,,포함
고전의 이유,김한식,평론,2017,발행 연도,http://sejong.nl.go.kr/brd/NttView.do?bbsSe=BBST007&menuId=O230&upperMenuId=O200&selectedIdx=65128,,,포함
금요일에 읽는 가족의 시,김태훈,시,2016,발행 연도,http://sejong.nl.go.kr/brd/NttView.do?bbsSe=BBST007&menuId=O230&upperMenuId=O200&selectedIdx=36618,,,포함
간디의 편지,모한다스 K. 간디,기타,2018,발행 연도,http://sejong.nl.go.kr/brd/NttView.do?bbsSe=BBST007&menuId=O230&upperMenuId=O200&selectedIdx=66194,,,포함
모모요는 아직 아흔 살,무레 요코 | 권남희,기타,2018,발행 연도,http://sejong.nl.go.kr/brd/NttView.do?bbsSe=BBST007&menuId=O230&upperMenuId=O200&selectedIdx=72196,,,포함
가족 (가장 소중한 이름),최영미 외,기타,,발표 시기 미상,http://sejong.nl.go.kr/brd/NttView.do?bbsSe=BBST007&menuId=O230&upperMenuId=O200&selectedIdx=34890,,,포함
냉담가계,이상하,기타,2015,발행 연도,http://sejong.nl.go.kr/brd/NttView.do?bbsSe=BBST007&menuId=O230&upperMenuId=O200&selectedIdx=15914,,,포함
클락댄스,앤 타일러,소설,2019,발행 연도,http://sejong.nl.go.kr/brd/NttView.do?bbsSe=BBST007&menuId=O230&upperMenuId=O200&selectedIdx=95434,,,포함
거의 떠나온 상태에서 떠나오기,데이비드 포스터 월리스,수필,2020,발행 연도,http://sejong.nl.go.kr/brd/NttView.do?bbsSe=BBST007&menuId=O230&upperMenuId=O200&selectedIdx=96491,,,포함
물이 깊은 바다,파비오 제노베시,소설,2020,발행 연도,http://sejong.nl.go.kr/brd/NttView.do?bbsSe=BBST007&menuId=O230&upperMenuId=O200&selectedIdx=95427,,,포함
떨리는 손,"김창규, 이명현, 이은희, 이종필, 정경숙",소설,2020,발행 연도,http://sejong.nl.go.kr/brd/NttView.do?bbsSe=BBST007&menuId=O230&upperMenuId=O200&selectedIdx=95941,,,포함
우울하면 좀 어때,김승기,기타,2019,발행 연도,http://sejong.nl.go.kr/brd/NttView.do?bbsSe=BBST007&menuId=O230&upperMenuId=O200&selectedIdx=90049,,,포함
셈을 할 줄 아는 까막눈이 여자,,기타,2014,발행 연도,http://sejong.nl.go.kr/brd/NttView.do?bbsSe=BBST007&menuId=O230&upperMenuId=O200&selectedIdx=8559,,,포함
라이딩 인생 : 대치동으로 간 클레어할머니,고선미,소설,2018,발행 연도,http://sejong.nl.go.kr/brd/NttView.do?bbsSe=BBST007&menuId=O230&upperMenuId=O200&selectedIdx=80824,,,중복 제외 (앞 순위 출처에 있음)
불편한 편의점,김호연,소설,2021,발행 연도,http://sejong.nl.go.kr/brd/NttView.do?bbsSe=BBST007&menuId=O230&upperMenuId=O200&selectedIdx=98480,,,중복 제외 (앞 순위 출처에 있음)
상냥한 폭력의 시대,정이현,소설,2016,발행 연도,http://sejong.nl.go.kr/brd/NttView.do?bbsSe=BBST007&menuId=O230&upperMenuId=O200&selectedIdx=45633,,,중복 제외 (앞 순위 출처에 있음)
천국보다 낯선,,소설,,발표 시기 미상,http://sejong.nl.go.kr/brd/NttView.do?bbsSe=BBST007&menuId=O230&upperMenuId=O200&selectedIdx=3724,,,포함
겨울 일기,,기타,,발표 시기 미상,http://sejong.nl.go.kr/brd/NttView.do?bbsSe=BBST007&menuId=O230&upperMenuId=O200&selectedIdx=3725,,,포함
도시와 나,,기타,,발표 시기 미상,http://sejong.nl.go.kr/brd/NttView.do?bbsSe=BBST007&menuId=O230&upperMenuId=O200&selectedIdx=4437,,,포함
연인 심청,방민호,소설,2015,발행 연도,http://sejong.nl.go.kr/brd/NttView.do?bbsSe=BBST007&menuId=O230&upperMenuId=O200&selectedIdx=14625,,,중복 제외 (앞 순위 출처에 있음)
해마를 찾아서,윌바 외스트뷔·힐데 외스트뷔,소설,2019,발행 연도,http://sejong.nl.go.kr/brd/NttView.do?bbsSe=BBST007&menuId=O230&upperMenuId=O200&selectedIdx=88204,,,포함
느리게 사는 것의 의미,,수필,2014,발행 연도,http://sejong.nl.go.kr/brd/NttView.do?bbsSe=BBST007&menuId=O230&upperMenuId=O200&selectedIdx=9124,,,포함
진짜 그런 책은 없는데요,젠 캠벨,기타,2019,발행 연도,http://sejong.nl.go.kr/brd/NttView.do?bbsSe=BBST007&menuId=O230&upperMenuId=O200&selectedIdx=90038,,,포함
산책자의 인문학,문갑식,수필,2019,발행 연도,http://sejong.nl.go.kr/brd/NttView.do?bbsSe=BBST007&menuId=O230&upperMenuId=O200&selectedIdx=91247,,,중복 제외 (앞 순위 출처에 있음)
나에게 더 잘해주고 싶다,정은길,기타,2019,발행 연도,http://sejong.nl.go.kr/brd/NttView.do?bbsSe=BBST007&menuId=O230&upperMenuId=O200&selectedIdx=81982,,,포함
기적이 일어나기 2초 전,,소설,2014,발행 연도,http://sejong.nl.go.kr/brd/NttView.do?bbsSe=BBST007&menuId=O230&upperMenuId=O200&selectedIdx=8557,,,포함
"건축, 근대소설을 거닐다",김소연,소설,2020,발행 연도,http://sejong.nl.go.kr/brd/NttView.do?bbsSe=BBST007&menuId=O230&upperMenuId=O200&selectedIdx=98101,,,중복 제외 (앞 순위 출처에 있음)
남극에서 대한민국까지,김태훈,기타,2021,발행 연도,http://sejong.nl.go.kr/brd/NttView.do?bbsSe=BBST007&menuId=O230&upperMenuId=O200&selectedIdx=98835,,,포함
피프티 피플,정세랑,소설,2016,발행 연도,http://sejong.nl.go.kr/brd/NttView.do?bbsSe=BBST007&menuId=O230&upperMenuId=O200&selectedIdx=48310,,,중복 제외 (앞 순위 출처에 있음)
월요일의 문장들,조안나,기타,2017,발행 연도,http://sejong.nl.go.kr/brd/NttView.do?bbsSe=BBST007&menuId=O230&upperMenuId=O200&selectedIdx=51498,,,포함
언더그라운드 레일로드,콜슨 화이트헤드,소설,2017,발행 연도,http://sejong.nl.go.kr/brd/NttView.do?bbsSe=BBST007&menuId=O230&upperMenuId=O200&selectedIdx=59425,,,중복 제외 (앞 순위 출처에 있음)
글쓰는 삶을 위한 일 년,수전 티베르기앵,평론,2016,발행 연도,http://sejong.nl.go.kr/brd/NttView.do?bbsSe=BBST007&menuId=O230&upperMenuId=O200&selectedIdx=42292,,,중복 제외 (앞 순위 출처에 있음)
책에서 떨어진 고양이,안영은,소설,2016,발행 연도,http://sejong.nl.go.kr/brd/NttView.do?bbsSe=BBST007&menuId=O230&upperMenuId=O200&selectedIdx=43350,,,포함
세계문학여행 : 소설로 읽는 세계사,김한식,평론,2015,발행 연도,http://sejong.nl.go.kr/brd/NttView.do?bbsSe=BBST007&menuId=O230&upperMenuId=O200&selectedIdx=20981,,,중복 제외 (앞 순위 출처에 있음)
도공 서란,손정미,소설,2019,발행 연도,http://sejong.nl.go.kr/brd/NttView.do?bbsSe=BBST007&menuId=O230&upperMenuId=O200&selectedIdx=92778,,,포함
오전을 사는 이에게 오후도 미래다,이국환,기타,2019,발행 연도,http://sejong.nl.go.kr/brd/NttView.do?bbsSe=BBST007&menuId=O230&upperMenuId=O200&selectedIdx=91248,,,포함
"우리, 이토록 작은 존재들을 위하여",사샤 세이건,소설,2021,발행 연도,http://sejong.nl.go.kr/brd/NttView.do?bbsSe=BBST007&menuId=O230&upperMenuId=O200&selectedIdx=98837,,,포함
아저씨 진짜 변호사 맞아요?,천효정,소설,2015,발행 연도,http://sejong.nl.go.kr/brd/NttView.do?bbsSe=BBST007&menuId=O230&upperMenuId=O200&selectedIdx=41046,,,포함
나는 오늘 왕이 되었어요,전재신,소설,2016,발행 연도,http://sejong.nl.go.kr/brd/NttView.do?bbsSe=BBST007&menuId=O230&upperMenuId=O200&selectedIdx=44606,,,포함
애착 수업,오카다 다카시,수필,2017,발행 연도,http://sejong.nl.go.kr/brd/NttView.do?bbsSe=BBST007&menuId=O230&upperMenuId=O200&selectedIdx=63950,,,포함
잿빛 음모,존 그리샴,소설,2015,발행 연도,http://sejong.nl.go.kr/brd/NttView.do?bbsSe=BBST007&menuId=O230&upperMenuId=O200&selectedIdx=31562,,,포함
원스 어폰 어 타임 인 메트로,카렌 메랑,소설,2016,발행 연도,http://sejong.nl.go.kr/brd/NttView.do?bbsSe=BBST007&menuId=O230&upperMenuId=O200&selectedIdx=36612,,,포함
즐겁지 않으면 인생이 아니다,,기타,2014,발행 연도,http://sejong.nl.go.kr/brd/NttView.do?bbsSe=BBST007&menuId=O230&upperMenuId=O200&selectedIdx=9977,,,포함
